jvto.me/,https://javavolcano-touroperator.com,301,TRUE,FALSE,FALSE,FALSE
jvto.me/contact,https://javavolcano-touroperator.com/contact,301,TRUE,FALSE,FALSE,FALSE
jvto.me/isic,https://javavolcano-touroperator.com/isic/student-package,301,TRUE,FALSE,FALSE,FALSE
jvto.me/entity,https://javavolcano-touroperator.com/entity,301,TRUE,FALSE,FALSE,FALSE
jvto.me/sg,https://javavolcano-touroperator.com/markets/singapore,301,TRUE,FALSE,FALSE,FALSE
jvto.me/my,https://javavolcano-touroperator.com/markets/malaysia,301,TRUE,FALSE,FALSE,FALSE
jvto.me/why,https://javavolcano-touroperator.com/why-jvto,301,TRUE,FALSE,FALSE,FALSE
jvto.me/difference,https://javavolcano-touroperator.com/why-jvto/the-jvto-difference,301,TRUE,FALSE,FALSE,FALSE
jvto.me/reviews,https://javavolcano-touroperator.com/why-jvto/reviews,301,TRUE,FALSE,FALSE,FALSE
jvto.me/story,https://javavolcano-touroperator.com/why-jvto/our-story,301,TRUE,FALSE,FALSE,FALSE
jvto.me/team,https://javavolcano-touroperator.com/why-jvto/our-team,301,TRUE,FALSE,FALSE,FALSE
jvto.me/standards,https://javavolcano-touroperator.com/why-jvto/community-standards,301,TRUE,FALSE,FALSE,FALSE
jvto.me/verify,https://javavolcano-touroperator.com/verify-jvto,301,TRUE,FALSE,FALSE,FALSE
jvto.me/legal,https://javavolcano-touroperator.com/verify-jvto/legal,301,TRUE,FALSE,FALSE,FALSE
jvto.me/press,https://javavolcano-touroperator.com/verify-jvto/press-recognition,301,TRUE,FALSE,FALSE,FALSE
jvto.me/history,https://javavolcano-touroperator.com/verify-jvto/history-artifacts,301,TRUE,FALSE,FALSE,FALSE
jvto.me/police,https://javavolcano-touroperator.com/verify-jvto/police-safety,301,TRUE,FALSE,FALSE,FALSE
jvto.me/guide,https://javavolcano-touroperator.com/travel-guide,301,TRUE,FALSE,FALSE,FALSE
jvto.me/faq,https://javavolcano-touroperator.com/travel-guide/faq,301,TRUE,FALSE,FALSE,FALSE
jvto.me/safety,https://javavolcano-touroperator.com/travel-guide/safety-on-tours,301,TRUE,FALSE,FALSE,FALSE
jvto.me/weather,https://javavolcano-touroperator.com/travel-guide/weather-and-closures,301,TRUE,FALSE,FALSE,FALSE
jvto.me/packing,https://javavolcano-touroperator.com/travel-guide/packing-and-fitness,301,TRUE,FALSE,FALSE,FALSE
jvto.me/booking,https://javavolcano-touroperator.com/travel-guide/booking-information,301,TRUE,FALSE,FALSE,FALSE
jvto.me/best-time,https://javavolcano-touroperator.com/travel-guide/best-time-to-visit,301,TRUE,FALSE,FALSE,FALSE
jvto.me/police-escort,https://javavolcano-touroperator.com/travel-guide/police-escort-for-groups,301,TRUE,FALSE,FALSE,FALSE
jvto.me/rijik,https://javavolcano-touroperator.com/travel-guide/rijik-monthly-closure,301,TRUE,FALSE,FALSE,FALSE
jvto.me/ijen-health,https://javavolcano-touroperator.com/travel-guide/ijen-health-screening,301,TRUE,FALSE,FALSE,FALSE
jvto.me/bromo-logistics,https://javavolcano-touroperator.com/travel-guide/mount-bromo-logistics,301,TRUE,FALSE,FALSE,FALSE
jvto.me/tumpak-logistics,https://javavolcano-touroperator.com/travel-guide/tumpak-sewu-logistics,301,TRUE,FALSE,FALSE,FALSE
jvto.me/cancel,https://javavolcano-touroperator.com/policy/booking-payment-cancellation,301,TRUE,FALSE,FALSE,FALSE
jvto.me/policy,https://javavolcano-touroperator.com/policy,301,TRUE,FALSE,FALSE,FALSE
jvto.me/include,https://javavolcano-touroperator.com/policy/inclusions-exclusions,301,TRUE,FALSE,FALSE,FALSE
jvto.me/privacy,https://javavolcano-touroperator.com/policy/privacy,301,TRUE,FALSE,FALSE,FALSE
jvto.me/destinations,https://javavolcano-touroperator.com/destinations,301,TRUE,FALSE,FALSE,FALSE
jvto.me/bromo,https://javavolcano-touroperator.com/destinations/mount-bromo,301,TRUE,FALSE,FALSE,FALSE
jvto.me/ijen,https://javavolcano-touroperator.com/destinations/ijen-crater,301,TRUE,FALSE,FALSE,FALSE
jvto.me/madakaripura,https://javavolcano-touroperator.com/destinations/madakaripura-waterfall,301,TRUE,FALSE,FALSE,FALSE
jvto.me/tumpak-sewu,https://javavolcano-touroperator.com/destinations/tumpak-sewu-waterfall,301,TRUE,FALSE,FALSE,FALSE
jvto.me/papuma,https://javavolcano-touroperator.com/destinations/papuma-beach,301,TRUE,FALSE,FALSE,FALSE
jvto.me/tours,https://javavolcano-touroperator.com/tours,301,TRUE,FALSE,FALSE,FALSE
jvto.me/sub,https://javavolcano-touroperator.com/tours/from-surabaya,301,TRUE,FALSE,FALSE,FALSE
jvto.me/bali,https://javavolcano-touroperator.com/tours/from-bali,301,TRUE,FALSE,FALSE,FALSE
jvto.me/sub/bromo-1d1n,https://javavolcano-touroperator.com/tours/from-surabaya/bromo-1d1n,301,TRUE,FALSE,FALSE,FALSE
jvto.me/sub/bromo-2d1n,https://javavolcano-touroperator.com/tours/from-surabaya/bromo-2d1n,301,TRUE,FALSE,FALSE,FALSE
jvto.me/sub/bromo-ijen-3d2n,https://javavolcano-touroperator.com/tours/from-surabaya/bromo-madakaripura-ijen-3d2n,301,TRUE,FALSE,FALSE,FALSE
jvto.me/sub/ijen-2d1n,https://javavolcano-touroperator.com/tours/from-surabaya/ijen-2d1n,301,TRUE,FALSE,FALSE,FALSE
jvto.me/sub/ijen-bromo-3d2n,https://javavolcano-touroperator.com/tours/from-surabaya/ijen-bromo-madakaripura-3d2n,301,TRUE,FALSE,FALSE,FALSE
jvto.me/sub/ijen-bromo-4d3n,https://javavolcano-touroperator.com/tours/from-surabaya/ijen-bromo-madakaripura-4d3n,301,TRUE,FALSE,FALSE,FALSE
jvto.me/sub/ijen-bromo-malang-5d4n,https://javavolcano-touroperator.com/tours/from-surabaya/ijen-bromo-madakaripura-malang-5d4n,301,TRUE,FALSE,FALSE,FALSE
jvto.me/sub/ijen-tumpak-bromo-4d3n,https://javavolcano-touroperator.com/tours/from-surabaya/ijen-papuma-tumpak-sewu-bromo-4d3n,301,TRUE,FALSE,FALSE,FALSE
jvto.me/sub/ijen-tumpak-bromo-5d4n,https://javavolcano-touroperator.com/tours/from-surabaya/ijen-papuma-tumpak-sewu-bromo-5d4n,301,TRUE,FALSE,FALSE,FALSE
jvto.me/sub/ijen-tumpak-bromo-malang-6d5n,https://javavolcano-touroperator.com/tours/from-surabaya/ijen-papuma-tumpak-sewu-bromo-malang-6d5n,301,TRUE,FALSE,FALSE,FALSE
jvto.me/sub/safari-bromo-3d2n,https://javavolcano-touroperator.com/tours/from-surabaya/taman-safari-prigen-bromo-madakaripura-3d2n,301,TRUE,FALSE,FALSE,FALSE
jvto.me/sub/tumpak-bromo-3d2n,https://javavolcano-touroperator.com/tours/from-surabaya/tumpak-sewu-bromo-3d2n,301,TRUE,FALSE,FALSE,FALSE
jvto.me/sub/tumpak-bromo-ijen-4d3n,https://javavolcano-touroperator.com/tours/from-surabaya/tumpak-sewu-bromo-ijen-4d3n,301,TRUE,FALSE,FALSE,FALSE
jvto.me/bali/bromo-ijen-3d2n,https://javavolcano-touroperator.com/tours/from-bali/bromo-ijen-3d2n,301,TRUE,FALSE,FALSE,FALSE
jvto.me/bali/ijen-bromo-3d2n,https://javavolcano-touroperator.com/tours/from-bali/ijen-bromo-madakaripura-3d2n,301,TRUE,FALSE,FALSE,FALSE
jvto.me/bali/ijen-tumpak-bromo-4d3n,https://javavolcano-touroperator.com/tours/from-bali/ijen-papuma-tumpak-sewu-bromo-4d3n,301,TRUE,FALSE,FALSE,FALSE
jvto.me/bali/ijen-tumpak-bromo-5d4n,https://javavolcano-touroperator.com/tours/from-bali/ijen-papuma-tumpak-sewu-bromo-5d4n,301,TRUE,FALSE,FALSE,FALSE
jvto.me/blog,https://javavolcano-touroperator.com/blog,301,TRUE,FALSE,FALSE,FALSE
jvto.me/blog/ijen-medical,https://javavolcano-touroperator.com/blog/2026-06-11-ijen-medical-checkup-requirement,301,TRUE,FALSE,FALSE,FALSE
jvto.me/blog/ijen-guide,https://javavolcano-touroperator.com/blog/2026-06-11-kawah-ijen-guide,301,TRUE,FALSE,FALSE,FALSE
jvto.me/blog/unlicensed-ijen,https://javavolcano-touroperator.com/blog/why-not-unlicensed-ijen-operator,301,TRUE,FALSE,FALSE,FALSE
jvto.me/book,https://javavolcano-touroperator.com/checkout,301,TRUE,FALSE,FALSE,FALSE
